epoch,time,train/box_loss,train/cls_loss,train/dfl_loss,metrics/precision(B),metrics/recall(B),metrics/mAP50(B),metrics/mAP50-95(B),val/box_loss,val/cls_loss,val/dfl_loss,lr/pg0,lr/pg1,lr/pg2
1,77.171,2.06382,3.33601,2.0847,0.54848,0.12866,0.04339,0.01118,2.37814,3.43003,2.49188,0.000543038,0.000543038,0.000543038
2,143.818,2.05313,2.77548,2.09244,0.00102,0.16397,0.00133,0.0003,3.94423,4.21011,4.76263,0.00107151,0.00107151,0.00107151
3,206.738,2.10334,2.70578,2.13368,0.00422,0.02709,0.00134,0.00036,nan,nan,nan,0.00157248,0.00157248,0.00157248
4,273.456,2.11795,2.68345,2.13716,0.73504,0.04237,0.05453,0.01724,2.65421,19.9698,2.89013,0.00154323,0.00154323,0.00154323
5,337.07,2.05413,2.56308,2.09246,0.11825,0.1911,0.09914,0.03388,2.45417,5.51292,2.53078,0.00150197,0.00150197,0.00150197
6,402.062,2.02311,2.48558,2.03751,0.10913,0.22821,0.06286,0.01906,2.5434,4.43355,2.49015,0.00146071,0.00146071,0.00146071
7,467.671,1.97661,2.38431,2.01411,0.16839,0.19575,0.12864,0.03976,2.66583,2.93232,2.48117,0.00141945,0.00141945,0.00141945
8,531.766,1.98941,2.37895,2.00819,0.32906,0.23742,0.20041,0.06504,2.39875,3.41214,2.35196,0.00137819,0.00137819,0.00137819
9,597.745,1.95788,2.31809,1.9848,0.35855,0.22335,0.21806,0.07769,2.37598,2.81106,2.29002,0.00133693,0.00133693,0.00133693
10,662.009,1.92598,2.23722,1.95421,0.2076,0.293,0.17714,0.05604,2.38478,2.81383,2.34202,0.00129568,0.00129568,0.00129568
11,727.678,1.91497,2.21196,1.9407,0.24315,0.26977,0.2118,0.07018,2.50193,2.57326,2.36768,0.00125442,0.00125442,0.00125442
12,793.272,1.90748,2.14682,1.92093,0.38225,0.34106,0.28536,0.09664,2.32015,2.42057,2.22849,0.00121316,0.00121316,0.00121316
13,856.907,1.89137,2.13078,1.90847,0.26263,0.37156,0.20553,0.06838,2.30202,2.70771,2.13636,0.0011719,0.0011719,0.0011719
14,921.203,1.87935,2.09604,1.90192,0.32895,0.36882,0.27812,0.09573,2.33196,2.36794,2.22052,0.00113064,0.00113064,0.00113064
15,986.026,1.84136,2.06528,1.87591,0.37473,0.33551,0.29393,0.09821,2.2553,2.4317,2.1439,0.00108938,0.00108938,0.00108938
16,1049.6,1.83114,2.02167,1.8551,0.36569,0.33235,0.28649,0.10278,2.25369,2.26561,2.1147,0.00104813,0.00104813,0.00104813
17,1115.31,1.83514,2.03212,1.86726,0.27844,0.32692,0.24101,0.08278,2.3129,2.40255,2.20987,0.00100687,0.00100687,0.00100687
18,1177.89,1.8087,1.98821,1.85232,0.37876,0.38044,0.31793,0.11596,2.22246,2.2588,2.11021,0.00096561,0.00096561,0.00096561
19,1243.73,1.78596,1.96812,1.82628,0.39735,0.36124,0.3123,0.10552,2.33846,2.24074,2.21683,0.000924352,0.000924352,0.000924352
20,1308.1,1.79835,1.95577,1.81951,0.36971,0.35989,0.29848,0.11022,2.26407,2.29291,2.16213,0.000883093,0.000883093,0.000883093
21,1372.07,1.76743,1.91624,1.80072,0.41896,0.38409,0.3555,0.13212,2.19607,2.1322,2.05912,0.000841835,0.000841835,0.000841835
22,1436.91,1.76137,1.89283,1.80006,0.379,0.35303,0.30939,0.1128,2.30001,2.33272,2.14259,0.000800577,0.000800577,0.000800577
23,1502.26,1.77246,1.86687,1.79973,0.42297,0.39868,0.35514,0.13401,2.20862,2.15854,2.08874,0.000759318,0.000759318,0.000759318
24,1566.95,1.72773,1.81517,1.76893,0.37865,0.42036,0.35431,0.13364,2.2173,2.1339,2.1253,0.00071806,0.00071806,0.00071806
25,1630.82,1.75116,1.83557,1.77814,0.40566,0.43132,0.38914,0.15121,2.18975,2.10082,2.08635,0.000676802,0.000676802,0.000676802
26,1694.47,1.71571,1.77748,1.74761,0.44755,0.38862,0.37938,0.13912,2.22299,2.10333,2.11769,0.000635544,0.000635544,0.000635544
27,1759.1,1.71052,1.79217,1.75915,0.39474,0.4555,0.39493,0.14713,2.235,2.08691,2.11372,0.000594286,0.000594286,0.000594286
28,1822.95,1.70586,1.75444,1.74547,0.44554,0.40593,0.37069,0.12968,2.23023,2.1529,2.07746,0.000553027,0.000553027,0.000553027
29,1888.58,1.69118,1.73669,1.73955,0.44563,0.39018,0.37771,0.14413,2.20121,2.02541,2.07374,0.000511769,0.000511769,0.000511769
30,1952.82,1.6785,1.71949,1.72329,0.43894,0.42657,0.41139,0.15527,2.21438,2.00297,2.06401,0.000470511,0.000470511,0.000470511
31,2022.13,1.74163,1.68959,1.81605,0.41694,0.43504,0.37541,0.15017,2.15691,1.99959,2.03406,0.000429253,0.000429253,0.000429253
32,2084.29,1.70692,1.61267,1.80105,0.39393,0.43036,0.37119,0.15286,2.19967,2.01258,2.08275,0.000387994,0.000387994,0.000387994
33,2146.57,1.68846,1.55896,1.78024,0.42297,0.40289,0.36829,0.1438,2.23144,1.99989,2.09842,0.000346736,0.000346736,0.000346736
34,2208.01,1.6499,1.5257,1.74514,0.4513,0.44001,0.40529,0.16496,2.17123,1.95415,2.06051,0.000305478,0.000305478,0.000305478
35,2271.76,1.64893,1.51016,1.7538,0.43677,0.46919,0.405,0.16223,2.18886,1.95337,2.08681,0.00026422,0.00026422,0.00026422
36,2333.08,1.62973,1.468,1.72646,0.44411,0.46058,0.41123,0.16697,2.16119,1.9918,2.04251,0.000222961,0.000222961,0.000222961
37,2394.37,1.61323,1.43544,1.71485,0.44059,0.46757,0.39661,0.15827,2.1775,1.98943,2.07325,0.000181703,0.000181703,0.000181703
38,2456.87,1.59235,1.40628,1.6881,0.51552,0.45209,0.43047,0.17718,2.13451,1.92064,2.02776,0.000140445,0.000140445,0.000140445
39,2517.63,1.58172,1.38931,1.68807,0.46889,0.45017,0.42375,0.1758,2.15002,1.94515,2.04617,9.91865e-05,9.91865e-05,9.91865e-05
40,2578.54,1.57235,1.37282,1.68224,0.47129,0.47857,0.42538,0.17501,2.13767,1.93394,2.02638,5.79283e-05,5.79283e-05,5.79283e-05
